id,firstName,lastName,age,gender,email,phone,username,birthDate,image,height,weight,eyeColor,hair.color,hair.type,address.address,address.city,address.coordinates.lat,address.coordinates.lng,address.postalCode,address.state,macAddress,university,bank.cardExpire,bank.cardNumberLast4,bank.cardType,bank.currency,bank.iban,company.address.address,company.address.city,company.address.coordinates.lat,company.address.coordinates.lng,company.address.postalCode,company.address.state,company.department,company.name,company.title,ssn
1,Terry,Medhurst,50,male,atuny0@sohu.com,637 916 758 914,allelvefuptey,25/12/2000,https://robohash.org/hicveldicta.png,189,75.4,Green,Black,Strands,1745 T Street Southeast,Washington,38.867033,-76.979235,20020,DC,13:69:BA:56:A3:74,Capitol University,22-Jun,600,maestro,Peso,NO17 0695 2754 967,629 Debbie Drive,Nashville,36.208114,-86.586212,37076,TN,Marketing,Blanda-O'Keefe,Help Desk Operator,661-64-2976
2,Sheldon,Quigley,28,male,hbingley1@plala.or.jp,78 131 177 139,trockizmbi,2/8/2003,https://robohash.org/doloremquesintcorrupti.png,187,74,Brown,Blond,Curly,6007 Applegate Lane,Louisville,38.1343013,-85.6498512,40219,KY,13:F1:00:DA:A4:12,Stavropol State Technical University,23-Oct,2400,mastercard,Ruble,MD63 L6YC 8YH4 QVQB XHIK MTML,8821 West Myrtle Avenue,Glendale,33.5404296,-112.2488391,85305,AZ,Services,Aufderhar-Cronin,Senior Cost Accountant,447-08-9217
3,Terrill,Hills,38,male,rshawe2@51.la,637 392 927 942,Abschrotpw,30/12/1992,https://robohash.org/consequunturautconsequatur.png,200,105.3,Gray,Blond,Very curly,560 Penstock Drive,Grass Valley,39.213076,-121.077583,95945,CA,F2:88:58:64:F7:76,University of Cagayan Valley,23-Oct,6700,jcb,Peso,AT24 1095 9625 1434 9703,18 Densmore Drive,Essex,44.492953,-73.101883,5452,VT,Marketing,Lindgren LLC,Mechanical Systems Engineer,633-89-1926
4,Miles,Cummerata,49,male,yraigatt3@nature.com,864 611 454 186,kucorai72,16/01/1969,https://robohash.org/facilisdignissimosdolore.png,157,95.9,Gray,Blond,Very curly,150 Carter Street,Manchester,41.76556,-72.473091,6040,CT,03:45:58:59:5A:7B,Shenyang Pharmaceutical University,24-Jul,9320,jcb,Yuan Renminbi,KZ43 658B M6VS TZOU OXSO,210 Green Road,Manchester,41.7909099,-72.5119513,6042,CT,Business Development,Wolff and Sons,Paralegal,487-28-6642
5,Mavis,Schultz,38,male,kmeus4@upenn.edu,3 722 857 711 911,Halbfranzaz,3/11/1968,https://robohash.org/adverovelit.png,188,106.3,Brown,Brown,Curly,2721 Lindsay Avenue,Louisville,38.263793,-85.700243,40206,KY,F8:04:9E:ED:C0:68,Estonian University of Life Sciences,24-Jan,3610,visa-electron,Euro,IT41 T114 5127 716J RGYB ZRUX DSJ,8398 West Denton Lane,Glendale,33.515353,-112.240812,85305,AZ,Support,Adams Inc,Web Developer I,667-98-5357
6,Alison,Reichert,21,female,jtreleven5@nhs.uk,3 515 277 353 642,hartasmaem,21/07/1969,https://robohash.org/laboriosamfacilisrem.png,149,105.7,Amber,Blond,Straight,18 Densmore Drive,Essex,44.492953,-73.101883,5452,VT,6C:34:D0:4B:4E:81,Universidade da Beira Interior,22-Mar,6047,americanexpress,Euro,LB69 1062 QCY5 XS5T VOKU KJFG XP4S,6231 North 67th Avenue,Glendale,33.5279666,-112.2022551,85301,AZ,Accounting,D'Amore and Sons,Civil Engineer,158-68-0184
7,Oleta,Abbott,31,female,dpettegre6@columbia.edu,626 408 027 111,teamiesaf,21/02/1982,https://robohash.org/cupiditatererumquos.png,172,78.1,Blue,Chestnut,Wavy,637 Britannia Drive,Vallejo,38.10477,-122.193849,94591,CA,48:2D:A0:67:19:E0,Institut Sains dan Teknologi Al Kamal,23-Oct,40,jcb,Rupiah,GI97 IKPF 9DUO X25M FG8D UXY,1407 Walden Court,Crofton,39.019306,-76.660653,21114,MD,Product Management,"Schimmel, Wilderman and Orn",Sales Associate,478-11-2206
8,Ewell,Mueller,29,male,ggude7@chron.com,869 462 972 275,cemap09100hm,24/08/1964,https://robohash.org/quiaharumsapiente.png,146,52.1,Blue,Chestnut,Wavy,5601 West Crocus Drive,Glendale,33.6152469,-112.179737,85306,AZ,72:DA:1B:D7:30:E9,Wenzhou Medical College,23-Sep,8905,diners-club-carte-blanche,Yuan Renminbi,CY02 9914 5346 0PMT G6XW TP0R AWRZ,81 Seaton Place Northwest,Washington,38.9149499,-77.0117026,20001,DC,Services,"Corkery, Reichert and Hodkiewicz",Clinical Specialist,238-41-5528
9,Demetrius,Corkery,22,male,nloiterton8@aol.com,863 565 909 727,plasmastik83,11/3/1971,https://robohash.org/excepturiiuremolestiae.png,170,97.1,Green,Brown,Strands,5403 Illinois Avenue,Nashville,36.157077,-86.853827,37209,TN,98:EE:94:A2:91:C4,Nanjing University of Economics,24-Feb,4620,mastercard,Yuan Renminbi,BR68 9829 0581 3669 5088 5533 025N V,12245 West 71st Place,Arvada,39.8267078,-105.1366798,80004,CO,Human Resources,Gorczany Group,Community Outreach Specialist,717-26-3759
10,Eleanora,Price,37,female,umcgourty9@jalbum.net,601 844 080 824,Ciacchinirf,11/8/1958,https://robohash.org/aliquamcumqueiure.png,198,48,Blue,Chestnut,Wavy,8821 West Myrtle Avenue,Glendale,33.5404296,-112.2488391,85305,AZ,BC:A9:D8:98:CB:0B,Melaka City Polytechnic,24-Jan,5250,jcb,Ringgit,GT40 DWAD 9UHA VEOZ ZF4J 2Y0F OOFD,1649 Timberridge Court,Fayetteville,36.084563,-94.206082,72704,AR,Marketing,Bins Group,Senior Sales Associate,544-66-0745
11,Marcel,Jones,39,male,acharlota@liveinternet.ru,9 672 532 100 344,mesarui3,12/9/1961,https://robohash.org/impeditautest.png,203,63.7,Amber,Black,Straight,2203 7th Street Road,Louisville,38.218107,-85.779006,40208,KY,59:E8:70:5A:E5:D6,Hodeidah University,24-May,9720,maestro,Rial,NL97 UWMY 2503 2999 43,308 Woodleaf Court,Glen Burnie,39.1425931,-76.6238441,21061,MD,Business Development,Kuhn-Harber,Account Executive,342-54-8422
12,Trace,Douglas,26,male,lgribbinc@posterous.com,16 099 373 468,ac5a2bl2yp,23/07/1967,https://robohash.org/voluptatemsintnulla.png,181,56.5,Amber,Auburn,Straight,87 Horseshoe Drive,West Windsor,43.4731793,-72.4967532,5037,VT,B9:21:ED:9F:B8:9E,Dallas Christian College,23-Jan,9510,jcb,Dollar,AE47 4194 4544 3401 3419 286,310 Timrod Road,Manchester,41.756758,-72.493501,6040,CT,Research and Development,Casper Inc,Sales Associate,217-05-3082
13,Enoch,Lynch,21,male,mturleyd@tumblr.com,949 121 005 118,madalchs5,25/08/1979,https://robohash.org/quisequienim.png,150,100.3,Green,Auburn,Strands,60 Desousa Drive,Manchester,41.7409259,-72.5619104,6040,CT,52:11:E1:31:35:C1,University of Sri Jayawardenapura,23-Nov,6720,mastercard,Rupee,SI28 0812 7967 0952 944,21950 Arnold Center Road,Carson,33.8272706,-118.2302826,90810,CA,Legal,Schoen Inc,Professor,742-81-1714
14,Jeanne,Halvorson,26,female,kminchelle@qq.com,865 811 087 855,cassenato0,2/2/1996,https://robohash.org/autquiaut.png,176,45.7,Amber,Blond,Straight,4 Old Colony Way,Yarmouth,41.697168,-70.189992,2664,MA,D9:DB:D9:5A:01:09,"Donghua University, Shanghai",23-Oct,2910,jcb,Yuan Renminbi,FO12 1440 0396 8902 56,22572 Toreador Drive,Salinas,36.602449,-121.699071,93908,CA,Marketing,Hahn-MacGyver,Software Test Engineer IV,855-43-8639
15,Trycia,Fadel,41,female,dpierrof@vimeo.com,4 208 337 080 340,viclamcsxc,3/7/1963,https://robohash.org/porronumquamid.png,166,87.2,Gray,Black,Very curly,314 South 17th Street,Nashville,36.1719075,-86.740228,37206,TN,3D:21:5B:9F:76:FF,Technical University of Mining and Metallurgy Ostrava,23-Jul,6210,instapayment,Koruna,CH94 4961 5QY1 VPV1 NGIP P,1407 Walden Court,Crofton,39.019306,-76.660653,21114,MD,Research and Development,"Steuber, Considine and Padberg",Geological Engineer,677-73-1525
16,Bradford,Prohaska,52,male,prohaskaltd@ucoz.com,4 208 746 283 710,Karibe9k,20/10/1975,https://robohash.org/accusantiumvoluptateseos.png,199,94.3,Brown,Black,Curly,1649 Timberridge Court,Fayetteville,36.084563,-94.206082,72704,AR,47:FA:F7:94:7B:5D,Technical University of Mining and Metallurgy Ostrava,24-May,5670,jcb,Koruna,SI81 7221 0344 9088 864,20930 Todd Valley Road,Foresthill,38.989466,-120.883108,95631,CA,Legal,Bogisich and Sons,Operator,795-36-7752
17,Arely,Skiles,42,male,sberminghamh@chron.com,558 867 668 617,tsukasaxxg,5/2/1958,https://robohash.org/nihilharumqui.png,192,97,Amber,Brown,Straight,5461 West Shades Valley Drive,Montgomery,32.296422,-86.342803,36108,AL,61:0C:8F:92:48:D5,Universidade Estadual do Ceará,24-Sep,2000,jcb,Real,FR79 7925 2903 77HF 2ZY6 TU4M T84,3162 Martin Luther King Junior Boulevard,Fayetteville,36.0523331,-94.2056987,72704,AR,Support,Metz Group,VP Accounting,551-74-1349
18,Gust,Purdy,46,male,bleveragei@so-net.ne.jp,868 868 890 258,residendo,15/10/1989,https://robohash.org/delenitipraesentiumvoluptatum.png,167,65.3,Amber,Black,Straight,629 Debbie Drive,Nashville,36.208114,-86.586212,37076,TN,22:98:8D:97:2D:AE,Xinjiang University,22-May,8970,bankcard,Yuan Renminbi,GB94 MOIU 1274 8449 9733 05,6463 Vrain Street,Arvada,39.814056,-105.046913,80003,CO,Product Management,"Bahringer, Auer and Wehner",Financial Analyst,809-93-2422
19,Lenna,Renner,41,female,aeatockj@psu.edu,19 046 017 177,Battuww,19/01/1980,https://robohash.org/ipsumutofficiis.png,175,68,Green,Black,Strands,22572 Toreador Drive,Salinas,36.602449,-121.699071,93908,CA,ED:64:AE:91:49:C9,Moraine Valley Community College,22-Jul,5730,jcb,Dollar,GT39 KL9Z CZYV XF26 UPYW SFPT H74U,491 Arabian Way,Grand Junction,39.07549,-108.474785,81504,CO,Support,Hoppe Group,Geologist III,389-03-0381
20,Doyle,Ernser,23,male,dfundello@amazon.co.jp,866 344 196 839,formiddag82,22/01/1983,https://robohash.org/providenttemporadelectus.png,173,69.9,Brown,Black,Curly,3034 Mica Street,Fayetteville,36.0807929,-94.2066449,72704,AR,E2:5A:A5:85:9B:6D,Nanjing University of Traditional Chinese Medicine,24-Jun,1198,diners-club-carte-blanche,Yuan Renminbi,BE41 7150 0766 2980,5906 Milton Avenue,Deale,38.784451,-76.541255,20751,MD,Business Development,Brekke Group,Programmer Analyst I,562-46-9709
21,Tressa,Weber,41,female,froachel@howstuffworks.com,345 171 046 248,sofronija56,11/11/1987,https://robohash.org/temporarecusandaeest.png,164,87.1,Green,Black,Strands,3729 East Mission Boulevard,Fayetteville,36.0919353,-94.1065422,72703,AR,A4:8B:56:BC:ED:98,Universitat Rámon Llull,21-Dec,686,americanexpress,Euro,CY09 2675 2653 QNEJ JNSA 0E2V ONMM,8800 Cordell Circle,Anchorage,61.1409305,-149.9437822,99502,AK,Research and Development,Durgan Group,VP Quality Control,155-87-0243
22,Felicity,O'Reilly,46,female,beykelhofm@wikispaces.com,639 195 641 690,mcltzuyz,5/10/1967,https://robohash.org/odioquivero.png,151,96.7,Brown,Brown,Curly,5114 Greentree Drive,Nashville,36.0618539,-86.738508,37211,TN,4D:AB:8D:9A:E5:02,University of lloilo,22-Jun,5640,switch,Peso,FR40 3929 7903 26S5 QL9A HUSV Z09,1770 Colony Way,Fayetteville,36.0867,-94.229754,72704,AR,Sales,"Romaguera, Williamson and Kessler",Assistant Manager,441-72-1229
23,Jocelyn,Schuster,19,male,brickeardn@fema.gov,79 684 621 292,Wenauxh,2/6/1966,https://robohash.org/odiomolestiaealias.png,166,93.3,Brown,Brown,Curly,3466 Southview Avenue,Montgomery,32.341227,-86.2846859,36111,AL,AF:AA:20:8E:CA:CD,Bashkir State Medical University,21-Nov,3460,mastercard,Ruble,NL22 YBPM 0101 6695 08,80 North East Street,Holyoke,42.2041219,-72.5977704,1040,MA,Product Management,Wintheiser-Boehm,Research Nurse,291-72-5526
24,Edwina,Ernser,21,female,dfundello@amazon.co.jp,863 769 868 945,litopternak,28/09/2000,https://robohash.org/doloremautdolores.png,180,102.1,Blue,Brown,Wavy,3034 Mica Street,Fayetteville,36.0807929,-94.2066449,72704,AR,EC:59:D3:FC:65:92,Wuhan University of Technology,23-Oct,4950,jcb,Yuan Renminbi,RS85 6347 5884 2820 5764 23,125 John Street,Santa Cruz,36.950901,-122.046881,95060,CA,Legal,Volkman Group,Cost Accountant,266-43-5297
25,Frederique,Boehm,39,female,mcrumpe1z@techcrunch.com,635 287 232 388,artelea4,18/12/1970,https://robohash.org/doloremqueatqueet.png,168,73,Amber,Black,Straight,8398 West Denton Lane,Glendale,33.515353,-112.240812,85305,AZ,60:76:20:67:96:B0,San Beda College,23-Dec,5260,jcb,Peso,LI48 0437 1NJA GKSM WEX9 G,2203 7th Street Road,Louisville,38.218107,-85.779006,40208,KY,Training,"Abernathy, Hoeger and Champlin",Food Chemist,492-30-9840
26,Piper,Schowalter,47,female,fokillq@amazon.co.jp,607 859 607 918,autoritetbi,7/6/1983,https://robohash.org/nequeodiosapiente.png,197,71.5,Brown,Black,Curly,1208 Elkader Court North,Nashville,36.080049,-86.601161,37013,TN,1F:42:5D:8C:66:3D,Sultanah Bahiyah Polytechnic,22-Sep,4590,maestro,Ringgit,BH05 STDW HECU HD4S L8U1 C6,600 West 19th Avenue,Anchorage,61.203115,-149.894107,99503,AK,Human Resources,O'Hara and Sons,Sales Representative,408-90-5986
27,Kody,Terry,28,male,xisherwoodr@ask.com,818 595 458 951,cizopasitee,9/1/1979,https://robohash.org/consequunturabnon.png,172,90.2,Blue,Brown,Wavy,210 Green Road,Manchester,41.7909099,-72.5119513,6042,CT,B4:B6:17:3C:41:E5,Science University of Tokyo,23-May,2569,diners-club-enroute,Yen,GT70 4NNE RDSR 0AJV 6AQI 4XH1 RWOC,109 Summit Street,Burlington,44.4729749,-73.2026566,5401,VT,Support,"Leffler, Beatty and Kilback",Recruiting Manager,389-74-9456
28,Macy,Greenfelder,45,female,jissetts@hostgator.com,819 156 492 384,brysiad08,7/9/1976,https://robohash.org/amettemporeea.png,166,93.7,Amber,Black,Straight,49548 Road 200,O'Neals,37.153463,-119.648192,93645,CA,D7:14:C5:45:69:C1,Fuji Women's College,24-Apr,7000,solo,Yen,IS23 8410 4605 1294 9479 5900 11,5403 Illinois Avenue,Nashville,36.157077,-86.853827,37209,TN,Product Management,Bruen and Sons,Structural Analysis Engineer,391-33-1550
29,Maurine,Stracke,31,female,kdulyt@umich.edu,481 435 906 847,Scookinorroverh,18/12/1964,https://robohash.org/perferendisideveniet.png,170,107.2,Blue,Blond,Wavy,81 Seaton Place Northwest,Washington,38.9149499,-77.0117026,20001,DC,42:87:72:A1:4D:9A,Poznan School of Banking,24-Feb,0,switch,Zloty,MT70 MKRC 8244 59Z4 9UG1 1HY7 TKM6 1YX,816 West 19th Avenue,Anchorage,61.203221,-149.898655,99503,AK,Support,Balistreri-Kshlerin,Quality Engineer,534-76-0952
30,Luciano,Sauer,27,male,smargiottau@altervista.org,4 204 912 120 935,alejilla2009mh,31/01/1968,https://robohash.org/rerumfugiatamet.png,183,56.5,Green,Brown,Strands,1267 Martin Street,Nashville,36.1404897,-86.7695179,37203,TN,E2:9D:26:5C:03:68,Mendel University of Agriculture and Forestry,24-Apr,5290,laser,Koruna,SA25 64XK PRBO BZIJ KY0A WXUO,1649 Timberridge Court,Fayetteville,36.084563,-94.206082,72704,AR,Research and Development,Hermann-McLaughlin,Research Associate,759-91-9214
31,Kaya,Emard,36,female,lskeelv@webeden.co.uk,18 138 014 535,feam71,26/04/1978,https://robohash.org/etquiquibusdam.png,178,55,Gray,Chestnut,Very curly,7431 Candace Way,Louisville,38.142768,-85.7717132,40214,KY,68:9F:C5:0C:1C:79,Goucher College,24-May,6790,jcb,Dollar,SK26 8435 0843 7285 5669 6319,159 Downey Drive,Manchester,41.7800126,-72.5754309,6040,CT,Engineering,Pfeffer and Sons,Help Desk Technician,201-38-9441
32,Lee,Schmidt,45,male,,668 354 676 865,null,5/7/1962,https://robohash.org/providentdoloremarchitecto.png,199,107.3,Amber,Blond,Straight,1407 Walden Court,Crofton,39.019306,-76.660653,21114,MD,2D:26:D9:9B:1B:F2,Yonok University,23-Jul,9000,china-unionpay,Baht,FR65 3981 6244 62CD DX15 A2AO J00,4 Old Colony Way,Yarmouth,41.697168,-70.189992,2664,MA,Legal,"Becker, Franecki and Rowe",Associate Professor,526-44-2771
33,Aniya,Witting,42,female,awitting@businessweek.com,338 887 006 632,witting,16/02/1981,https://robohash.org/utnonnobis.png,153,106.9,Amber,Brown,Straight,5906 Milton Avenue,Deale,38.784451,-76.541255,20751,MD,DD:C9:B7:80:EB:80,Université Paris Nanterre (Paris X),22-Mar,3480,jcb,Euro,LB58 0657 IYUB 1PX3 0TLM NVWS M2IQ,3729 East Mission Boulevard,Fayetteville,36.0919353,-94.1065422,72703,AR,Legal,"Heller, Parisian and Pagac",Structural Analysis Engineer,840-01-4157
34,Jacklyn,Schimmel,35,female,mbrooksbanky@gnu.org,639 675 454 702,kittymisschanwg,9/12/1994,https://robohash.org/nequeexercitationemanimi.png,184,70.1,Amber,Brown,Straight,74 Springfield Street,Agawam,42.0894922,-72.6297558,1001,MA,B8:58:0E:7C:72:C2,"University of Perpetual Help, System Dalta",23-Jan,7020,maestro,Peso,BH76 UHML MAFF GXEK KS8G IJ,1770 Colony Way,Fayetteville,36.0867,-94.229754,72704,AR,Services,"Lemke, Beier and Wiegand",Sales Representative,246-95-2398
35,Angelica,Baumbach,46,female,dalmondz@joomla.org,628 057 995 971,illegettli,11/5/1971,https://robohash.org/vitaenonqui.png,158,45.3,Brown,Black,Curly,2905 Stonebridge Court,Norman,35.183319,-97.402105,73071,OK,46:EE:1F:B9:69:35,Universitas Trilogi,22-Oct,3261,diners-club-enroute,Rupiah,IS23 7042 9310 0395 8252 6161 11,491 Arabian Way,Grand Junction,39.07549,-108.474785,81504,CO,Accounting,Waters LLC,Physical Therapy Assistant,257-77-0318
36,Delfina,Ziemann,18,female,,845 805 575 307,V9LFo8,15/08/1985,https://robohash.org/officiisprovidentlaborum.png,145,104.2,Blue,Black,Wavy,20930 Todd Valley Road,Foresthill,38.989466,-120.883108,95631,CA,37:3F:1B:55:89:76,Ho Chi Minh City University of Transport,23-Jun,7960,mastercard,Dong,VG34 HSZN 0483 8780 0864 7182,716 Waller Road,Brentwood,35.998892,-86.696529,37027,TN,Legal,"Casper, Mitchell and Abernathy",Marketing Assistant,623-85-1332
37,Thaddeus,McCullough,30,male,igannan11@microsoft.com,623 583 474 052,cobdegetzd9,12/6/1957,https://robohash.org/veritatisperspiciatisqui.png,165,87.4,Gray,Auburn,Very curly,5928 West Mauna Loa Lane,Glendale,33.6204899,-112.18702,85306,AZ,C2:EB:A9:A1:27:A0,Universitas Mataram,22-Aug,3165,diners-club-carte-blanche,Rupiah,FR24 9199 0033 66OZ YCQB M3M8 X14,1770 Colony Way,Fayetteville,36.0867,-94.229754,72704,AR,Engineering,Wisoky and Sons,Sales Representative,532-99-4556
38,Salvatore,Fisher,35,male,lgherardi12@washington.edu,463 651 560 334,krossanes5s,12/7/1960,https://robohash.org/quosautquia.png,201,56.4,Amber,Black,Straight,802 Madison Street Northwest,Washington,38.9582381,-77.0244287,20011,DC,A2:5E:63:18:08:B2,Södertörn University College,23-Nov,4050,jcb,Krona,FO89 6682 3623 9357 93,1508 Massachusetts Avenue Southeast,Washington,38.887255,-76.983185,20003,DC,Legal,Willms Inc,Director of Sales,497-34-8207
39,Jasmin,Hermiston,40,male,lgutridge13@sun.com,816 494 011 274,Zeceaerolorgoay,23/05/1990,https://robohash.org/voluptatesolutaconsequuntur.png,197,52.1,Brown,Chestnut,Curly,2811 Battery Place Northwest,Washington,38.9256252,-77.0982646,20016,DC,2E:53:40:5D:19:EE,Okinawa Prefectural University of Fine Arts,22-Oct,6740,jcb,Yen,MT41 LLZI 9530 8976 Q0UA S8FU YPZZ HNP,159 Downey Drive,Manchester,41.7800126,-72.5754309,6040,CT,Business Development,Little-Schmeler,Payment Adjustment Coordinator,414-12-1630
40,Nicklaus,Cruickshank,23,male,cslateford14@blogspot.com,628 732 742 549,conqueriipc,11/4/1992,https://robohash.org/quiaconsecteturaut.png,156,95.3,Amber,Black,Straight,210 Lacross Lane,Westmore,44.771005,-72.048664,5860,VT,88:85:48:5E:77:40,Institut Teknologi Sepuluh Nopember,24-Jun,9870,jcb,Rupiah,NL61 RSYJ 3384 9892 20,5306 Ritchie Highway,Baltimore,39.221978,-76.614183,21225,MD,Human Resources,Larkin and Sons,Compensation Analyst,166-50-4378
41,Tiara,Rolfson,36,female,mhaslegrave15@springer.com,3 515 547 368 690,lowedownjs,21/03/1992,https://robohash.org/perferendisestanimi.png,154,87.2,Brown,Black,Curly,2010 Rising Hill Drive,Norman,35.177281,-97.411869,73071,OK,46:64:A0:D0:22:43,Universidade Aberta Lisboa,23-Feb,0,switch,Euro,FR29 6649 5467 031E BATJ YRJB T37,165 Saint John Street,Manchester,41.7762171,-72.5410548,6040,CT,Marketing,"Lebsack, Volkman and Kirlin",Chief Design Engineer,539-88-5745
42,Garret,Klocko,44,male,kbrecknock16@marriott.com,867 877 942 189,evaluetziz,28/07/1991,https://robohash.org/amaioresqui.png,166,50.3,Gray,Auburn,Very curly,388 East Main Street,undefined,43.9727945,-73.1023187,5753,VT,2D:8B:EA:A8:14:7D,Harbin Engineering University,23-Jun,1300,jcb,Yuan Renminbi,CY60 6782 4975 65SB FS5Y CHEZ 4KYL,4695 East Huntsville Road,Fayetteville,36.0471975,-94.0946286,72701,AR,Legal,Morissette-Mertz,Sales Representative,225-36-9060
43,Reginald,Wisoky,46,male,rlaxe17@tamu.edu,4 207 627 583 107,Anavassiht,25/09/1993,https://robohash.org/vitaeharumquia.png,182,67.6,Brown,Black,Curly,450 Kinhawk Drive,Nashville,36.030927,-86.719491,37211,TN,85:3F:91:56:0E:82,Cevro Institut College,24-Aug,9784,diners-club-enroute,Koruna,BR59 1204 5908 4741 1281 3043 808B X,2905 Stonebridge Court,Norman,35.183319,-97.402105,73071,OK,Training,Schmidt-Murphy,Assistant Professor,123-82-0739
44,Humberto,Botsford,37,male,pidill18@china.com.cn,2 282 521 839 834,mecimatn,7/7/1997,https://robohash.org/liberoquaeratquidem.png,187,51.4,Blue,Black,Wavy,131 Westerly Street,Manchester,41.7906813,-72.5355973,6042,CT,1F:85:8B:16:5A:46,Université de Lomé,23-Aug,0,maestro,Franc,VG18 TAKX 3219 6539 1139 5370,19416 Barclay Road,Castro Valley,37.70382,-122.091054,94546,CA,Business Development,"Toy, Erdman and Purdy",Accountant III,119-69-9739
45,Justus,Sipes,45,male,rmcritchie19@topsy.com,5 042 814 521 944,engemaindf3,6/12/1974,https://robohash.org/veritatismodiest.png,155,59.1,Amber,Blond,Straight,308 Woodleaf Court,Glen Burnie,39.1425931,-76.6238441,21061,MD,06:C5:E3:AD:7A:F4,Escuela Agricola Panamericana Zamorano,23-Nov,4440,jcb,Lempira,CH46 0886 4JDR ER2Z BNQE C,5403 Illinois Avenue,Nashville,36.157077,-86.853827,37209,TN,Research and Development,Dach-Kautzer,Media Manager IV,389-32-1053
46,Coralie,Boyle,18,female,rlangston1a@51.la,3 526 432 707 653,smileyfaceeeeh,23/07/1971,https://robohash.org/quivoluptatepraesentium.png,175,71.6,Amber,Brown,Straight,8502 Madrone Avenue,Louisville,38.1286407,-85.8678042,40258,KY,52:27:33:25:22:CE,International University Institute of Luxembourg,23-Jun,2400,jcb,Euro,PS84 NQUL 32NC AXYA VUVE EJ9A Q6WE U,3729 East Mission Boulevard,Fayetteville,36.0919353,-94.1065422,72703,AR,Legal,"Mosciski, Zieme and Weimann",Professor,325-43-3345
47,Felicita,Gibson,32,female,jevanson1b@admin.ch,864 843 312 036,srepimju,26/05/1960,https://robohash.org/numquamcumquereiciendis.png,177,86.2,Amber,Brown,Straight,23 Sable Run Lane,Methuen,42.759847,-71.157721,1844,MA,63:04:5F:15:B6:0B,Jiangxi Agricultural University,23-Apr,3820,jcb,Yuan Renminbi,GE87 XA02 1912 0773 7266 02,131 Westerly Street,Manchester,41.7906813,-72.5355973,6042,CT,Sales,Farrell Inc,Professor,592-79-3644
48,Pearl,Blick,26,female,ssarjant1c@statcounter.com,2 618 566 331 458,nasulnp,17/01/1989,https://robohash.org/etnemoet.png,169,49.9,Gray,Brown,Very curly,716 Waller Road,Brentwood,35.998892,-86.696529,37027,TN,9F:22:0C:A6:F1:15,Université de Fianarantsoa,24-May,7495,americanexpress,Ariary,FR76 3178 2973 86XZ TTUI UQRL B19,6657 West Rose Garden Lane,Glendale,33.676018,-112.201658,85308,AZ,Business Development,"Yundt, Stokes and Huel",Account Representative I,390-16-1490
49,Johnathon,Predovic,18,male,xlinster1d@bravesites.com,3 515 725 345 789,Saggib6,22/03/1965,https://robohash.org/nisietqui.png,160,75.7,Amber,Blond,Straight,416 McIver Street,Nashville,36.10436,-86.744116,37211,TN,42:A3:F3:72:BA:9A,Instituto Politécnico de Coimbra,22-Nov,6010,jcb,Euro,GE83 VQ05 7695 5638 2069 95,172 Alburg Springs Road,Alburgh,44.995827,-73.2201539,5440,VT,Engineering,Borer and Sons,Assistant Professor,336-16-4564
50,Jerry,Kertzmann,43,male,tmullender1e@scientificamerican.com,12 813 002 097,Moccolini1h,14/09/1988,https://robohash.org/aliquideosquidem.png,153,85.3,Brown,Black,Curly,1508 Massachusetts Avenue Southeast,Washington,38.887255,-76.983185,20003,DC,82:25:6B:BD:B9:F1,Queen's University,23-May,6200,bankcard,Dollar,FR71 5337 9508 623U LB6L HSPW U38,5601 West Crocus Drive,Glendale,33.6152469,-112.179737,85306,AZ,Business Development,Olson Inc,Executive Secretary,447-20-9472
51,Elbert,Gottlieb,41,male,gmein1f@nasa.gov,868 209 696 388,sirenamt4,13/11/1959,https://robohash.org/omnisipsasit.png,184,46.4,Blue,Auburn,Wavy,5615 West Villa Maria Drive,Glendale,33.650988,-112.180624,85308,AZ,B5:66:DB:C5:24:3C,Hainan University,24-May,9600,jcb,Yuan Renminbi,RO86 GIYQ 8YQV MZX1 LBES EGDF,8376 Albacore Drive,Pasadena,39.110409,-76.465658,21122,MD,Services,Rau and Sons,Project Manager,470-22-7201
52,Sincere,Mueller,44,female,gmaccumeskey1g@buzzfeed.com,622 069 313 800,njutnovaav,2/5/1962,https://robohash.org/minimaquamcorrupti.png,159,97,Brown,Auburn,Curly,3162 Martin Luther King Junior Boulevard,Fayetteville,36.0523331,-94.2056987,72704,AR,76:0B:90:45:47:CE,Politeknik Negeri Jakarta,21-Dec,2614,diners-club-carte-blanche,Rupiah,TN53 1151 3519 8157 4150 0964,308 Woodleaf Court,Glen Burnie,39.1425931,-76.6238441,21061,MD,Support,Kiehn LLC,Graphic Designer,168-08-0840
53,Telly,Spinka,22,female,bpetts1h@smugmug.com,628 207 596 656,jevytestini42,23/11/1996,https://robohash.org/quianonquia.png,189,68.9,Amber,Blond,Straight,5306 Ritchie Highway,Baltimore,39.221978,-76.614183,21225,MD,F7:D8:A9:27:0D:93,Universitas Wisnuwardhana,23-May,8170,laser,Rupiah,SI12 6322 7647 7094 370,3162 Martin Luther King Junior Boulevard,Fayetteville,36.0523331,-94.2056987,72704,AR,Training,Nienow-Carroll,Compensation Analyst,209-69-0948
54,Megane,Armstrong,46,female,oyakushkev1j@oracle.com,19 411 232 756,laesadv,23/09/1971,https://robohash.org/voluptatemexplicaboasperiores.png,160,59.2,Amber,Black,Straight,816 West 19th Avenue,Anchorage,61.203221,-149.898655,99503,AK,4E:7C:44:D8:8F:E7,Texas Lutheran University,21-Nov,7366,diners-club-enroute,Dollar,GB98 NYIM 0244 2273 2413 53,450 Kinhawk Drive,Nashville,36.030927,-86.719491,37211,TN,Services,"VonRueden, Jaskolski and Rau",Physical Therapy Assistant,654-51-8614
55,Toy,Olson,27,male,bpickering1k@clickbank.net,14 231 345 423,bryanalston77hq,19/01/1985,https://robohash.org/eumestdolor.png,167,84.6,Amber,Blond,Straight,172 Alburg Springs Road,Alburgh,44.995827,-73.2201539,5440,VT,A8:FF:00:F1:E4:95,Judson College Marion,23-Jan,6120,instapayment,Dollar,GL09 0616 6413 0282 14,74 Ranch Drive,Montgomery,32.383322,-86.235124,36109,AL,Business Development,Harris-Hills,Recruiting Manager,753-64-1081
56,Deanna,Glover,30,female,nworley1l@thetimes.co.uk,9 946 533 572 437,femorejara1,15/10/1981,https://robohash.org/porroaccusamuseveniet.png,184,60,Green,Brown,Strands,159 Downey Drive,Manchester,41.7800126,-72.5754309,6040,CT,70:0D:97:DC:CD:77,Azerbaijan Medical University,23-Apr,9280,jcb,Manat,CR35 2031 6878 6260 6231 8,8505 Waters Avenue,Savannah,31.9901877,-81.1070672,31406,GA,Business Development,"Walsh, Cronin and Hilpert",Account Executive,442-11-0328
57,Marcella,Shanahan,26,female,klife1m@i2i.jp,622 488 376 818,mpo2n4ge8,16/02/1966,https://robohash.org/eaipsaaliquam.png,164,59.4,Amber,Blond,Straight,125 John Street,Santa Cruz,36.950901,-122.046881,95060,CA,F1:06:0A:17:C8:04,Universitas Proklamasi 45,23-Jan,4065,diners-club-enroute,Rupiah,DE51 0845 6955 3076 8202 28,8821 West Myrtle Avenue,Glendale,33.5404296,-112.2488391,85305,AZ,Training,Adams-Runolfsdottir,Account Coordinator,189-66-1995
58,Rachel,Jacobson,31,female,dlambarth1n@blinklist.com,4 201 013 643 391,zedenwetdz,1/2/1958,https://robohash.org/doloremtemporamolestiae.png,189,93.2,Amber,Black,Straight,1101 Lotus Avenue,Glen Burnie,39.191982,-76.6525659,21061,MD,0A:9A:E3:DA:E5:7C,Mendel University of Agriculture and Forestry,23-Oct,3682,diners-club-enroute,Koruna,AD38 8777 8087 JWLG YTKL Y7EB,2721 Lindsay Avenue,Louisville,38.263793,-85.700243,40206,KY,Accounting,Reichert-Grimes,Help Desk Technician,665-37-2401
59,Nora,Sawayn,46,female,cepgrave1o@biblegateway.com,16 144 256 745,anunasikal1,3/6/1986,https://robohash.org/corporisvoluptatumdicta.png,205,46.1,Brown,Auburn,Curly,8376 Albacore Drive,Pasadena,39.110409,-76.465658,21122,MD,CD:DB:31:4F:2E:6B,California Coast University,23-Mar,8830,jcb,Dollar,DO29 OMCP 9416 9364 3503 2867 5982,81 Seaton Place Northwest,Washington,38.9149499,-77.0117026,20001,DC,Product Management,Kutch LLC,Senior Cost Accountant,418-66-0328
60,Mozell,O'Connell,33,female,mpoyner1p@google.co.uk,866 942 021 947,Busmediumdt,18/02/1981,https://robohash.org/sintsequitenetur.png,201,73.5,Brown,Black,Curly,491 Arabian Way,Grand Junction,39.07549,-108.474785,81504,CO,50:68:51:F4:16:35,Capital University of Medical Sciences,22-Jun,3560,mastercard,Yuan Renminbi,FR74 6562 1131 83UJ 583Y AD9H I36,1208 Elkader Court North,Nashville,36.080049,-86.601161,37013,TN,Support,"Conroy, Walker and Rosenbaum",Payment Adjustment Coordinator,203-67-2339
61,Nasir,Leuschke,37,male,eburras1q@go.com,627 709 409 687,ma1ng2inn2,29/02/1996,https://robohash.org/dignissimosplaceatet.png,160,101.1,Brown,Blond,Curly,12245 West 71st Place,Arvada,39.8267078,-105.1366798,80004,CO,86:88:0C:DB:57:6E,Universitas Nasional Jakarta,24-Mar,3992,diners-club-enroute,Rupiah,TN31 4727 6289 3530 6714 8088,1 Kempf Drive,Easton,42.0505989,-71.0802938,2375,MA,Accounting,Emard-Schuppe,Technical Writer,124-88-3652
62,Quinn,Witting,42,male,qwitting@virginia.edu,2 208 982 062 696,witting,16/02/1981,https://robohash.org/distinctioullamsaepe.png,153,106.9,Amber,Brown,Straight,5906 Milton Avenue,Deale,38.784451,-76.541255,20751,MD,DD:C9:B7:80:EB:80,Université Paris Nanterre (Paris X),22-Mar,3480,jcb,Euro,LB58 0657 IYUB 1PX3 0TLM NVWS M2IQ,3729 East Mission Boulevard,Fayetteville,36.0919353,-94.1065422,72703,AR,Legal,"Heller, Parisian and Pagac",Structural Analysis Engineer,840-01-4157
63,Jeanne,O'Keefe,26,female,hollet1s@trellian.com,627 179 134 633,gitaneroar,11/9/1979,https://robohash.org/reprehenderitquisanimi.png,166,107.2,Gray,Black,Very curly,4695 East Huntsville Road,Fayetteville,36.0471975,-94.0946286,72701,AR,FD:87:C9:A1:58:92,Universitas Jember,22-Dec,2000,maestro,Rupiah,MT37 PYAB 0624 3FUB TA9A NOWR NQIS BGP,232 Maine Avenue,Panama City,30.1527033,-85.6320713,32401,FL,Sales,"Powlowski, Schroeder and DuBuque",Legal Assistant,825-29-5126
64,Terrence,Koelpin,28,male,hfasey1t@home.pl,634 605 310 660,Balaryn46,5/2/1996,https://robohash.org/facilisomnisvoluptatem.png,181,86.7,Blue,Brown,Wavy,310 Timrod Road,Manchester,41.756758,-72.493501,6040,CT,DD:22:A7:60:6A:5D,Notre Dame University,23-Aug,8260,jcb,Peso,MR49 8035 2182 2111 0028 2160 103,1427 South Carolina Avenue Southeast,Washington,38.886615,-76.9845349,20003,DC,Support,"Cormier, Collins and O'Conner",Software Consultant,401-32-7720
65,Davonte,Heaney,33,male,gbarhams1u@cnet.com,522 503 811 317,xxhasanahxxfw,28/05/1979,https://robohash.org/ipsadistinctiovero.png,197,58.3,Green,Chestnut,Strands,1364 Capri Drive,Panama City,30.2207276,-85.6808795,32405,FL,7C:60:BB:9B:CE:90,"Universidad de La Salle, Bajío",22-Feb,6750,jcb,Peso,GB68 IMOW 5806 8691 5928 73,700 Winston Place,Anchorage,61.215882,-149.737337,99504,AK,Business Development,"Terry, Kihn and Anderson",Speech Pathologist,461-37-0787
66,Everette,Prohaska,50,female,prohaskaltd@ucoz.com,555 398 226 581,INTERREGcy,26/06/1959,https://robohash.org/cumquesedrem.png,170,53.8,Amber,Blond,Straight,132 Laurel Green Court,Savannah,32.0243075,-81.2468102,31419,GA,1D:DA:1E:33:AA:F6,Centro Universitário Adventista de São Paulo,23-Dec,9980,bankcard,Real,BR29 2336 3631 3760 5519 2449 481Y C,23 Sable Run Lane,Methuen,42.759847,-71.157721,1844,MA,Legal,"Ondricka, Dach and Murazik",Sales Associate,323-43-6349
67,Oda,Schmidt,22,male,btegler1w@elegantthemes.com,555 375 740 273,Plossytal3f,7/10/1970,https://robohash.org/asperioressolutaet.png,182,102.3,Amber,Black,Straight,6657 West Rose Garden Lane,Glendale,33.676018,-112.201658,85308,AZ,FD:EF:39:DB:13:A2,Universidade Federal de Ouro Preto,24-Jun,8520,jcb,Real,TR60 1668 81NH VUGC TAF5 QANA SZ,388 East Main Street,undefined,43.9727945,-73.1023187,5753,VT,Accounting,Zieme LLC,Programmer Analyst IV,619-95-8805
68,Twila,Padberg,42,female,cmasurel1x@baidu.com,864 266 818 895,kalinga02,10/5/1981,https://robohash.org/quiaeaquefacere.png,149,88.4,Blue,Black,Wavy,519 West 75th Avenue,Anchorage,61.1528869,-149.889133,99518,AK,BB:6D:EC:11:E6:62,Wuhan Automobile Polytechnical University,24-Jan,9470,jcb,Yuan Renminbi,PL56 0143 2134 7069 1811 2036 7055,20930 Todd Valley Road,Foresthill,38.989466,-120.883108,95631,CA,Business Development,Toy-Shanahan,Administrative Assistant II,507-79-6958
69,Amelia,Mann,30,female,omarsland1y@washingtonpost.com,629 241 556 791,fuscellowj,5/8/1980,https://robohash.org/voluptassimiliqueet.png,145,51.6,Blue,Brown,Wavy,31353 Santa Elena Way,Union City,37.593981,-122.059762,94587,CA,3E:2C:47:6F:AF:A8,Universitas Komputer Indonesia,23-Mar,9810,jcb,Rupiah,DO09 LNEQ 2324 7293 8362 7707 3809,1208 Elkader Court North,Nashville,36.080049,-86.601161,37013,TN,Support,Koelpin-Leffler,Biostatistician IV,893-82-5863
70,Griffin,Braun,35,male,lgronaverp@cornell.edu,625 117 900 161,null,6/9/1965,https://robohash.org/laboriosammollitiaut.png,146,65.5,Blue,Blond,Wavy,600 West 19th Avenue,Anchorage,61.203115,-149.894107,99503,AK,34:06:26:95:37:D6,Universitas Bojonegoro,24-Jul,3340,jcb,Rupiah,AD24 9240 6903 OD2X OW1Y WD1K,1508 Massachusetts Avenue Southeast,Washington,38.887255,-76.983185,20003,DC,Engineering,"Boyle, Boyer and Lang",Senior Cost Accountant,407-02-8915
71,Clotilde,Larson,45,female,wfeldon20@netlog.com,867 735 394 246,acemileroux,17/02/1999,https://robohash.org/estipsamincidunt.png,199,93.6,Blue,Auburn,Wavy,700 Winston Place,Anchorage,61.215882,-149.737337,99504,AK,1D:4D:30:75:25:62,Sichuan Normal University,24-Mar,0,maestro,Yuan Renminbi,GI75 BXZI AOIM ZTO3 N62N GOE,816 West 19th Avenue,Anchorage,61.203221,-149.898655,99503,AK,Engineering,Cartwright-Heidenreich,Professor,183-74-0158
72,Moriah,Mills,45,male,ahinckes21@google.es,3 861 477 615 345,vaporise03,30/08/1966,https://robohash.org/voluptatemdolorumvel.png,155,48.1,Blue,Black,Wavy,232 Maine Avenue,Panama City,30.1527033,-85.6320713,32401,FL,D7:97:86:74:95:22,University of Ljubljana,23-Sep,1080,jcb,Euro,KZ93 102O 5R1H CHJW QP9C,6231 North 67th Avenue,Glendale,33.5279666,-112.2022551,85301,AZ,Business Development,"Pacocha, Paucek and Schinner",Analyst Programmer,137-52-7595
73,Claudia,Dooley,36,female,ptilson22@360.cn,864 779 152 470,radaighrq,25/01/1984,https://robohash.org/idvoluptatemrepellendus.png,204,104.7,Amber,Brown,Straight,1 Kempf Drive,Easton,42.0505989,-71.0802938,2375,MA,36:F4:9A:BF:55:2C,Huaihua Medical College,24-Aug,7770,visa,Yuan Renminbi,AZ10 OCZB A9AX MI8J 6RBF F6SN 3DOW,1208 Elkader Court North,Nashville,36.080049,-86.601161,37013,TN,Training,Jakubowski Inc,Junior Executive,283-96-5470
74,Deon,Gutkowski,39,male,cgaber23@prlog.org,309 273 725 358,agga2s00,7/3/1962,https://robohash.org/authicnon.png,198,98.1,Amber,Black,Straight,5811 Crossings Boulevard,Nashville,36.0370847,-86.6413728,37013,TN,41:E8:BB:A0:57:79,University of Western Macedonia,23-May,6270,jcb,Euro,KZ04 382H YQUE 0OHZ ZAFD,1101 Lotus Avenue,Glen Burnie,39.191982,-76.6525659,21061,MD,Business Development,"Buckridge, Brakus and Kerluke",Account Coordinator,716-50-1801
75,Amos,Weimann,22,male,rkingswood24@usa.gov,2 307 493 238 084,Mngazijagv,6/5/1988,https://robohash.org/quasialiquidrerum.png,176,98.6,Brown,Auburn,Curly,5108 Franklin Street,Savannah,32.034987,-81.121928,31405,GA,31:C0:74:AC:27:C4,University of Mauritius,23-May,9622,americanexpress,Rupee,SI68 0217 7162 8938 369,2905 Stonebridge Court,Norman,35.183319,-97.402105,73071,OK,Engineering,McKenzie-Veum,Registered Nurse,489-50-8482
76,Frankie,Hudson,32,male,dbuist25@hao123.com,336 041 974 892,Herleitenje,25/07/1980,https://robohash.org/voluptaseligendiaut.png,167,47.5,Amber,Brown,Straight,913 Fallview Trail,Nashville,36.024191,-86.718305,37211,TN,57:DB:2B:0E:BC:AD,Institut des Sciences de la Matière et du Rayonnement,22-Jan,4190,jcb,Euro,GT47 OBGS PRKC SWFI 6FWR 3ABE OZ2Q,519 West 75th Avenue,Anchorage,61.1528869,-149.889133,99518,AK,Accounting,"Brekke, Terry and White",Design Engineer,399-17-0855
77,Harrison,Lemke,20,male,pmoraleda26@symantec.com,624 583 477 200,praigerup7a,15/01/2000,https://robohash.org/hicadipisciodio.png,169,52.9,Brown,Black,Curly,270 Chrissy's Court,undefined,44.1710043,-73.1065617,5443,VT,F7:71:EC:92:3B:3B,Universitas Diponegoro,22-Jan,2950,mastercard,Rupiah,IL45 9565 9176 0887 0153 333,491 Arabian Way,Grand Junction,39.07549,-108.474785,81504,CO,Marketing,Grant Group,GIS Technical Architect,381-67-8598
78,Guy,Franecki,31,male,vkohrt27@hostgator.com,867 588 724 898,getrokkelt,30/08/1999,https://robohash.org/quaeratpariaturet.png,158,63.8,Blue,Blond,Wavy,132 Laurel Green Court,Savannah,32.0243075,-81.2468102,31419,GA,FF:29:2A:85:D5:85,Dongbei University of Finance And Economics,22-Jun,4200,jcb,Yuan Renminbi,LV29 WAMA TWJY 7UZ4 YPSF N,74 Springfield Street,Agawam,42.0894922,-72.6297558,1001,MA,Legal,Kling Inc,Financial Analyst,770-01-3913
79,Sidney,Rutherford,50,male,capplewhite28@nationalgeographic.com,624 061 104 091,tambordegrioth2,19/08/2003,https://robohash.org/dolorumdelenitinon.png,154,58.6,Gray,Black,Very curly,10826 Pointe Royal Drive,Bakersfield,35.2930007,-119.1225908,93311,CA,32:55:7E:96:6B:54,Universitas Darma Persada,22-Nov,540,jcb,Rupiah,EE43 4423 5257 2753 9878,18 Densmore Drive,Essex,44.492953,-73.101883,5452,VT,Accounting,Tillman Inc,Senior Editor,706-77-2685
80,Maymie,Yundt,42,female,kogilvy29@blogtalkradio.com,3 549 786 132 483,Wettpateiy,11/6/1957,https://robohash.org/providentquiaaut.png,201,95.6,Blue,Black,Wavy,74 Ranch Drive,Montgomery,32.383322,-86.235124,36109,AL,51:57:D6:B4:DF:98,University Centre of the Westfjords,23-Jul,8155,diners-club-enroute,Krona,PT07 7115 6286 4019 7447 4115 7,125 John Street,Santa Cruz,36.950901,-122.046881,95060,CA,Training,Upton-Jerde,Nurse Practicioner,538-22-4550
81,Rita,Shields,47,female,gconford2a@wordpress.com,861 485 092 978,cep2timlf,19/11/1983,https://robohash.org/sapientelaborumminima.png,184,60.2,Gray,Brown,Very curly,6601 West Ocotillo Road,Glendale,33.53433,-112.2011246,85301,AZ,A3:60:84:B1:79:CF,Yantai Education Institute & Yantai Television University,21-Dec,730,jcb,Yuan Renminbi,RS24 5901 7901 5373 1658 69,130 Old Route 103,Chester,43.224335,-72.542274,5143,VT,Sales,Runolfsson-Mitchell,Registered Nurse,577-21-6109
82,Susan,Wisozk,49,female,dmantle2b@reuters.com,638 119 712 922,omgespana5,19/07/1991,https://robohash.org/aliasiurenam.png,155,50.8,Amber,Brown,Straight,19416 Barclay Road,Castro Valley,37.70382,-122.091054,94546,CA,88:69:8F:50:88:3B,University of Eastern Philippines,22-Jun,3980,jcb,Peso,IS44 6580 4705 0865 5087 8412 18,8315 Surf Drive,Panama City Beach,30.163458,-85.785449,32408,FL,Human Resources,Boehm-Ortiz,Speech Pathologist,711-15-3710
83,Angelica,Metz,48,female,kpondjones2c@nsw.gov.au,474 967 168 666,peradastx,14/10/1994,https://robohash.org/atetsit.png,188,64.6,Amber,Black,Straight,1347 Blackwalnut Court,Annapolis,38.936881,-76.475823,21403,MD,2F:D4:1A:A8:20:78,University of Bergen,24-May,8580,jcb,Krone,ME73 2764 9662 2273 6465 42,210 Lacross Lane,Westmore,44.771005,-72.048664,5860,VT,Legal,Lakin-Ortiz,Design Engineer,853-87-6751
84,Rupert,Upton,22,male,whuman2d@hp.com,19 074 601 257,Szwajqb,4/4/2003,https://robohash.org/mollitiasimiliqueneque.png,156,                                                      ,Amber,Auburn,Straight,1770 Colony Way,Fayetteville,36.0867,-94.229754,72704,AR,51:28:40:44:E0:58,Instituto Tecnológico de Santo Domingo,24-Jan,5420,diners-club-us-ca,Peso,FR22 3683 1735 92L6 3ORW B8LQ 375,1649 Timberridge Court,Fayetteville,36.084563,-94.206082,72704,AR,Legal,"Gaylord, Mohr and Ruecker",Cost Accountant,679-41-9289
85,Eleazar,Torp,28,male,fschlagman2e@deliciousdays.com,571 709 282 357,seguit6y,11/9/1983,https://robohash.org/facerealiquidexercitationem.png,183,64.2,Blue,Auburn,Wavy,165 Saint John Street,Manchester,41.7762171,-72.5410548,6040,CT,F2:2E:36:4B:F0:82,Universidad Cooperativa de Colombia,22-Oct,8790,jcb,Peso,FR62 3176 1174 61KJ F2WH VDPJ T36,6601 West Ocotillo Road,Glendale,33.53433,-112.2011246,85301,AZ,Business Development,Kertzmann-Wuckert,Account Representative II,612-42-3560
86,Anais,Yundt,32,female,agreenhouse2f@mashable.com,6 919 147 488 902,sprigthu,7/7/1999,https://robohash.org/laborumvoluptatibusnulla.png,158,74.3,Gray,Blond,Very curly,2409 Research Boulevard,Fort Collins,40.554586,-105.087852,80526,CO,E3:D2:6A:C3:F6:8E,"Islamic Azad University, Janah",24-Jan,4860,maestro,Dollar,TN89 5317 2181 8758 4695 8217,4 Old Colony Way,Yarmouth,41.697168,-70.189992,2664,MA,Business Development,"Gerlach, Haley and Casper",Quality Control Specialist,800-98-6010
87,Gayle,Krajcik,31,male,cdwyr2g@shop-pro.jp,5 093 833 038 524,emendituinelh,15/09/1972,https://robohash.org/inventoredelenitiquas.png,153,62.4,Gray,Black,Very curly,1903 Bashford Manor Lane,Louisville,38.1977059,-85.675288,40218,KY,02:4D:BB:B6:21:B8,Université d'Etat d'Haiti,23-Oct,0,maestro,Gourde,GR32 5925 740J MDOE KSGM OXEF B1N,10826 Pointe Royal Drive,Bakersfield,35.2930007,-119.1225908,93311,CA,Sales,Torp-Emmerich,Librarian,643-11-2952
88,Wilma,Hickle,19,female,omottley2h@hugedomains.com,73 309 846 093,shxixx31,3/6/1960,https://robohash.org/minimadoloreslaborum.png,176,70.7,Blue,Black,Wavy,8315 Surf Drive,Panama City Beach,30.163458,-85.785449,32408,FL,5F:56:08:75:EA:E9,Altai State Technical University,23-Oct,3662,diners-club-enroute,Ruble,SM43 U074 6910 624S PANW T8NP XJA,5306 Ritchie Highway,Baltimore,39.221978,-76.614183,21225,MD,Sales,"Dicki, Greenholt and Walter",Environmental Specialist,898-15-1839
89,Arne,Jacobs,29,male,hyaknov2i@hhs.gov,366 104 900 839,naforus0,13/04/1997,https://robohash.org/necessitatibusvoluptatemvero.png,193,86.4,Gray,Brown,Very curly,3301 Old Muldoon Road,Anchorage,61.1908348,-149.7340096,99504,AK,46:9E:8C:5B:1C:C5,Károl Gáspár University of the Reformed Church,21-Nov,0,solo,Forint,PS67 BOYG RFZM XLHJ NM3C BJGU JHTD S,232 Maine Avenue,Panama City,30.1527033,-85.6320713,32401,FL,Marketing,"Bergnaum, Dietrich and Kuhlman",Automation Specialist I,175-34-8315
90,Emely,Schmitt,48,female,clambol2j@bloglovin.com,864 782 174 353,larsenbad1978u3,5/7/1958,https://robohash.org/cumqueharumsunt.png,173,80.1,Blue,Brown,Wavy,8800 Cordell Circle,Anchorage,61.1409305,-149.9437822,99502,AK,DE:C7:BC:E5:59:30,Tianjin University of Technology,24-Feb,350,jcb,Yuan Renminbi,PT43 0283 0016 7630 4773 6033 2,1420 Turtleback Trail,Panama City,30.281084,-85.9677169,32413,FL,Support,"Smitham, Padberg and Botsford",Executive Secretary,395-87-7459
91,Fabiola,Oberbrunner,43,female,dduggan2k@simplemachines.org,866 143 160 439,vabilkama0b,2/7/1990,https://robohash.org/undeutveritatis.png,153,76.1,Blue,Brown,Wavy,117 East Cook Avenue,Anchorage,61.230336,-149.883795,99501,AK,5B:85:78:EA:BE:F8,Chongqing Telecommunication College,21-Oct,2250,jcb,Yuan Renminbi,FR67 6721 1574 32LJ C1X0 LMMI 178,7 Underwood Place Northwest,Washington,38.969351,-77.009722,20012,DC,Human Resources,Hayes-Mitchell,Quality Engineer,450-71-7159
92,Rory,Conn,20,male,cchomiszewski2m@cbsnews.com,622 158 714 657,Kisugyicsz3,10/5/1960,https://robohash.org/autcommodivoluptas.png,186,67.5,Brown,Brown,Curly,8505 Waters Avenue,Savannah,31.9901877,-81.1070672,31406,GA,BA:F4:B2:70:82:76,Politeknik Negeri Lhokseumawe,22-Sep,6330,laser,Rupiah,CY64 2655 2049 XIHH 0BNU QVIY 2EF3,1267 Martin Street,Nashville,36.1404897,-86.7695179,37203,TN,Marketing,Wiegand-Donnelly,Help Desk Operator,549-99-2136
93,Cristobal,Watsica,33,male,bgoby2n@washingtonpost.com,3 808 424 689 675,Faloppioxi,30/10/1971,https://robohash.org/deseruntfaciliset.png,170,51.1,Amber,Blond,Straight,7 Underwood Place Northwest,Washington,38.969351,-77.009722,20012,DC,C0:BA:4F:32:DC:0B,Luhansk Taras Shevchenko National Pedagogical University,24-Feb,2940,diners-club-us-ca,Hryvnia,GE58 AR34 7094 9583 1340 44,60 Desousa Drive,Manchester,41.7409259,-72.5619104,6040,CT,Accounting,Strosin Inc,Physical Therapy Assistant,123-67-9330
94,Allene,Harber,32,female,cdavydochkin2o@globo.com,3 898 805 363 911,Odepemkosk,18/01/1980,https://robohash.org/adipiscisiteius.png,187,51,Amber,Blond,Straight,21950 Arnold Center Road,Carson,33.8272706,-118.2302826,90810,CA,ED:2D:E1:6B:65:1D,St.Cyril and Methodius University,22-Sep,1312,diners-club-carte-blanche,Denar,SA92 31UX JO1Q NXCI 6LOE OYE8,2811 Battery Place Northwest,Washington,38.9256252,-77.0982646,20016,DC,Product Management,"Rosenbaum, Sanford and Prosacco",Structural Analysis Engineer,252-17-8075
95,Lempi,Runte,25,female,zstenning2p@list-manage.com,815 292 665 313,kredahdd,7/7/2000,https://robohash.org/estetlaudantium.png,153,104.4,Brown,Black,Curly,1427 South Carolina Avenue Southeast,Washington,38.886615,-76.9845349,20003,DC,5D:58:62:1E:F8:77,Fukushima Medical College,24-Jun,5030,jcb,Yen,SI69 0606 1969 1622 969,6231 North 67th Avenue,Glendale,33.5279666,-112.2022551,85301,AZ,Accounting,Cartwright-Kihn,Registered Nurse,757-73-7944
96,Terrell,Schuppe,38,male,flesslie2q@google.nl,3 712 414 898 335,sentalkankr,31/01/1961,https://robohash.org/maioresethic.png,157,74.6,Gray,Blond,Very curly,1420 Turtleback Trail,Panama City,30.281084,-85.9677169,32413,FL,97:7E:B9:C3:2C:A7,Liepaja Pedagogical Higher School,21-Nov,570,jcb,Euro,NL92 BBLM 5334 1624 08,8821 West Myrtle Avenue,Glendale,33.5404296,-112.2488391,85305,AZ,Human Resources,D'Amore-Hermann,Senior Quality Engineer,281-60-8121
97,Tevin,Prohaska,34,male,pcumbes2r@networkadvertising.org,461 855 533 726,peruiyf,14/08/1988,https://robohash.org/eosvoluptasquia.png,186,54.4,Brown,Brown,Curly,109 Summit Street,Burlington,44.4729749,-73.2026566,5401,VT,E1:00:69:FF:2D:94,Gotland University College,22-Jun,6300,jcb,Krona,FR19 2200 9407 28AH Q2CV AT31 S49,8376 Albacore Drive,Pasadena,39.110409,-76.465658,21122,MD,Marketing,Wisozk LLC,VP Sales,"370-10-1238
"
